iteration,test_acc,actions
0,0.38973130753418533,"[[[0.         1.         0.         0.         0.        ]
  [1.         0.         0.         0.         0.        ]
  [0.         0.         1.         0.         0.        ]
  [0.         0.01017449 0.26045311 0.72937241 0.        ]
  [0.26049742 0.66885747 0.         0.07064511 0.        ]]]"
1,0.2928119760479042,"[[[0.         0.         0.         0.         1.        ]
  [0.         1.         0.         0.         0.        ]
  [0.         0.         1.         0.         0.        ]
  [0.         0.41581938 0.         0.50359821 0.08058241]
  [0.19193549 0.61205444 0.05013722 0.14587285 0.        ]]]"
2,0.2012,"[[[0.         0.2192506  0.08910824 0.17949583 0.51214532]
  [0.         1.         0.         0.         0.        ]
  [1.         0.         0.         0.         0.        ]
  [0.         0.31651729 0.06342241 0.6200603  0.        ]
  [0.2342708  0.65704718 0.         0.10868202 0.        ]]]"
3,0.19939701492537315,"[[[0.         0.         0.08694248 0.32787234 0.58518518]
  [0.         1.         0.         0.         0.        ]
  [1.         0.         0.         0.         0.        ]
  [0.         0.10795384 0.08979266 0.55414534 0.24810815]
  [0.14959309 0.72319415 0.05997054 0.06724222 0.        ]]]"
4,0.19939701492537315,"[[[0.         0.         0.07508445 0.33462258 0.59029297]
  [0.         1.         0.         0.         0.        ]
  [1.         0.         0.         0.         0.        ]
  [0.         0.0928487  0.07887075 0.53827422 0.29000633]
  [0.1342116  0.72544346 0.07589486 0.06445008 0.        ]]]"
5,0.1988,"[[[0.         0.         0.04916702 0.39186015 0.55897284]
  [0.         1.         0.         0.         0.        ]
  [1.         0.         0.         0.         0.        ]
  [0.         0.         0.1427781  0.41081953 0.44640237]
  [0.06740882 0.77950869 0.11756818 0.03551431 0.        ]]]"
6,0.2012,"[[[0.         0.         0.09494836 0.31635045 0.58870119]
  [0.         1.         0.         0.         0.        ]
  [1.         0.         0.         0.         0.        ]
  [0.         0.16382269 0.07500923 0.56966203 0.19150605]
  [0.1591083  0.70483325 0.05569814 0.08036031 0.        ]]]"
7,0.1988,"[[[0.         0.         0.08008578 0.32924587 0.59066835]
  [0.         1.         0.         0.         0.        ]
  [1.         0.         0.         0.         0.        ]
  [0.         0.09870734 0.06897935 0.53503112 0.29728219]
  [0.12556207 0.72357947 0.08413793 0.06672052 0.        ]]]"
8,0.2012,"[[[0.         0.         0.08492154 0.3270003  0.58807816]
  [0.         1.         0.         0.         0.        ]
  [1.         0.         0.         0.         0.        ]
  [0.         0.10629432 0.0846603  0.54944167 0.2596037 ]
  [0.14163935 0.72128227 0.06706817 0.07001021 0.        ]]]"
9,0.2076,"[[[0.         0.         0.08992382 0.3215627  0.58851349]
  [0.         1.         0.         0.         0.        ]
  [1.         0.         0.         0.         0.        ]
  [0.         0.12721954 0.0582341  0.54657968 0.26796668]
  [0.12795385 0.71866825 0.07881284 0.07456506 0.        ]]]"
10,0.1924,"[[[0.         0.         0.08217936 0.33563304 0.5821876 ]
  [0.         1.         0.         0.         0.        ]
  [1.         0.         0.         0.         0.        ]
  [0.         0.07104615 0.09767027 0.53589271 0.29539086]
  [0.13208898 0.72956623 0.07247101 0.06587378 0.        ]]]"
11,0.1924,"[[[0.         0.         0.09217263 0.31790544 0.58992193]
  [0.         1.         0.         0.         0.        ]
  [1.         0.         0.         0.         0.        ]
  [0.         0.15057701 0.05066293 0.55153465 0.24722541]
  [0.13331134 0.7113869  0.07702219 0.07827957 0.        ]]]"
12,0.1988,"[[[0.         0.         0.08234673 0.32402475 0.59362852]
  [0.         1.         0.         0.         0.        ]
  [1.         0.         0.         0.         0.        ]
  [0.         0.11647336 0.09287622 0.55623025 0.23442017]
  [0.15104898 0.71567874 0.05952112 0.07375116 0.        ]]]"
13,0.2012,"[[[0.         0.         0.08543286 0.32803342 0.58653372]
  [0.         1.         0.         0.         0.        ]
  [1.         0.         0.         0.         0.        ]
  [0.         0.1007638  0.07366482 0.54135505 0.28421632]
  [0.12910416 0.72419774 0.07752108 0.06917702 0.        ]]]"
14,0.1988,"[[[0.         0.         0.08369428 0.32363423 0.5926715 ]
  [0.         1.         0.         0.         0.        ]
  [1.         0.         0.         0.         0.        ]
  [0.         0.11647339 0.08657447 0.55301332 0.24393882]
  [0.14474669 0.71676592 0.06398818 0.0744992  0.        ]]]"
15,0.2012,"[[[0.         0.         0.0790317  0.31911837 0.60184994]
  [0.         1.         0.         0.         0.        ]
  [1.         0.         0.         0.         0.        ]
  [0.         0.13772229 0.09368887 0.56134116 0.20724768]
  [0.15758483 0.70645151 0.05598855 0.07997511 0.        ]]]"
16,0.2076,"[[[0.         0.         0.0779018  0.31817616 0.60392204]
  [0.         1.         0.         0.         0.        ]
  [1.         0.         0.         0.         0.        ]
  [0.         0.14357939 0.09090871 0.56098639 0.20452552]
  [0.15646892 0.70436703 0.05708894 0.08207511 0.        ]]]"
17,0.1924,"[[[0.         0.         0.07541404 0.31813971 0.60644625]
  [0.         1.         0.         0.         0.        ]
  [1.         0.         0.         0.         0.        ]
  [0.         0.14083801 0.09829492 0.56213238 0.19873469]
  [0.16109418 0.70318264 0.05411077 0.0816124  0.        ]]]"
18,0.1924,"[[[0.         0.         0.07394401 0.32052381 0.60553218]
  [0.         1.         0.         0.         0.        ]
  [1.         0.         0.         0.         0.        ]
  [0.         0.12346833 0.10477228 0.55712101 0.21463838]
  [0.15902858 0.70731135 0.05528349 0.07837658 0.        ]]]"
19,0.1988,"[[[0.         0.         0.07513296 0.31961088 0.60525616]
  [0.         1.         0.         0.         0.        ]
  [1.         0.         0.         0.         0.        ]
  [0.         0.13073264 0.09917846 0.55820046 0.21188843]
  [0.15756691 0.70624216 0.05638879 0.07980213 0.        ]]]"
20,0.2012,"[[[0.         0.         0.07305476 0.31868774 0.60825751]
  [0.         1.         0.         0.         0.        ]
  [1.         0.         0.         0.         0.        ]
  [0.         0.134403   0.10061342 0.55850235 0.20648123]
  [0.15921819 0.70378137 0.05579201 0.08120843 0.        ]]]"
21,0.2012,"[[[0.         0.         0.07175596 0.32031189 0.60793215]
  [0.         1.         0.         0.         0.        ]
  [1.         0.         0.         0.         0.        ]
  [0.         0.12170353 0.10650694 0.55426572 0.21752381]
  [0.15800587 0.70615161 0.0566838  0.07915872 0.        ]]]"
22,0.2012,"[[[0.         0.         0.0702813  0.32006967 0.60964903]
  [0.         1.         0.         0.         0.        ]
  [1.         0.         0.         0.         0.        ]
  [0.         0.12210729 0.1061836  0.5516298  0.22007932]
  [0.15640321 0.70480278 0.05857931 0.0802147  0.        ]]]"
23,0.1988,"[[[0.         0.         0.06683704 0.31850794 0.61465502]
  [0.         1.         0.         0.         0.        ]
  [1.         0.         0.         0.         0.        ]
  [0.         0.1279559  0.10880343 0.55258334 0.21065734]
  [0.1597504  0.70092571 0.05719884 0.08212504 0.        ]]]"
24,0.2012,"[[[0.         0.         0.06947961 0.31973647 0.61078392]
  [0.         1.         0.         0.         0.        ]
  [1.         0.         0.         0.         0.        ]
  [0.         0.12346611 0.10721268 0.55248919 0.21683202]
  [0.15781328 0.70397427 0.05770834 0.0805041  0.        ]]]"
25,0.1924,"[[[0.         0.         0.06990147 0.31707042 0.61302811]
  [0.         1.         0.         0.         0.        ]
  [1.         0.         0.         0.         0.        ]
  [0.         0.14274628 0.09472936 0.5535392  0.20898516]
  [0.15424125 0.69972965 0.0607321  0.085297   0.        ]]]"
26,0.1924,"[[[0.         0.         0.06308206 0.31692384 0.61999411]
  [0.         1.         0.         0.         0.        ]
  [1.         0.         0.         0.         0.        ]
  [0.         0.137258   0.10766693 0.55270923 0.20236584]
  [0.16090958 0.69635541 0.05756058 0.08517442 0.        ]]]"
27,0.2012,"[[[0.         0.         0.06703216 0.31771584 0.615252  ]
  [0.         1.         0.         0.         0.        ]
  [1.         0.         0.         0.         0.        ]
  [0.         0.13501827 0.10240496 0.5513273  0.21124947]
  [0.15647532 0.69938663 0.05994473 0.08419332 0.        ]]]"
28,0.2012,"[[[0.         0.         0.06400641 0.31686612 0.61912747]
  [0.         1.         0.         0.         0.        ]
  [1.         0.         0.         0.         0.        ]
  [0.         0.13885108 0.1038376  0.55079651 0.20651481]
  [0.15783499 0.69646433 0.05986386 0.08583682 0.        ]]]"
29,0.2012,"[[[0.         0.         0.06447576 0.3161292  0.61939504]
  [0.         1.         0.         0.         0.        ]
  [1.         0.         0.         0.         0.        ]
  [0.         0.14495078 0.09794539 0.54913495 0.20796889]
  [0.15433204 0.69537916 0.06248998 0.08779881 0.        ]]]"
30,0.2012,"[[[0.         0.         0.06394275 0.31912938 0.61692787]
  [0.         1.         0.         0.         0.        ]
  [1.         0.         0.         0.         0.        ]
  [0.         0.12080207 0.11500365 0.54463254 0.21956175]
  [0.1583836  0.69875676 0.06049941 0.08236024 0.        ]]]"
31,0.2012,"[[[0.         0.         0.06168083 0.31528613 0.62303304]
  [0.         1.         0.         0.         0.        ]
  [1.         0.         0.         0.         0.        ]
  [0.         0.1501837  0.09775393 0.54862084 0.20344153]
  [0.15492828 0.69247381 0.06280678 0.08979112 0.        ]]]"
32,0.1988,"[[[0.         0.         0.05991591 0.31604952 0.62403457]
  [0.         1.         0.         0.         0.        ]
  [1.         0.         0.         0.         0.        ]
  [0.         0.14209776 0.10648751 0.54966298 0.20175175]
  [0.15956492 0.69299749 0.05984957 0.08758802 0.        ]]]"
33,0.1988,"[[[0.         0.         0.06312583 0.31896898 0.61790519]
  [0.         1.         0.         0.         0.        ]
  [1.         0.         0.         0.         0.        ]
  [0.         0.11955223 0.11783126 0.54567044 0.21694607]
  [0.16050117 0.6985376  0.05899039 0.08197084 0.        ]]]"
34,0.1924,"[[[0.         0.         0.06641068 0.31811251 0.61547681]
  [0.         1.         0.         0.         0.        ]
  [1.         0.         0.         0.         0.        ]
  [0.         0.13149707 0.10508299 0.55025127 0.21316867]
  [0.15693854 0.69960758 0.05985226 0.08360161 0.        ]]]"
35,0.1988,"[[[0.         0.         0.06859832 0.32062794 0.61077374]
  [0.         1.         0.         0.         0.        ]
  [1.         0.         0.         0.         0.        ]
  [0.         0.1155799  0.11172127 0.54669668 0.22600216]
  [0.15613879 0.70383285 0.06011422 0.07991415 0.        ]]]"
36,0.1988,"[[[0.         0.         0.06791454 0.31911675 0.61296871]
  [0.         1.         0.         0.         0.        ]
  [1.         0.         0.         0.         0.        ]
  [0.         0.12629554 0.10570581 0.54938009 0.21861855]
  [0.15579143 0.70177431 0.06021917 0.08221509 0.        ]]]"
37,0.1988,"[[[0.         0.         0.0686647  0.31854395 0.61279135]
  [0.         1.         0.         0.         0.        ]
  [1.         0.         0.         0.         0.        ]
  [0.         0.13041955 0.10299039 0.55126643 0.21532362]
  [0.15586685 0.70159473 0.0598032  0.08273522 0.        ]]]"
38,0.1988,"[[[0.         0.         0.06865965 0.31863173 0.61270861]
  [0.         1.         0.         0.         0.        ]
  [1.         0.         0.         0.         0.        ]
  [0.         0.12976853 0.10322685 0.55086405 0.21614058]
  [0.15572392 0.70164071 0.06000341 0.08263195 0.        ]]]"
39,0.1988,"[[[0.         0.         0.06828771 0.31812636 0.61358593]
  [0.         1.         0.         0.         0.        ]
  [1.         0.         0.         0.         0.        ]
  [0.         0.13396402 0.10073835 0.55116005 0.21413757]
  [0.15506151 0.70062551 0.06053788 0.0837751  0.        ]]]"
40,0.2076,"[[[0.         0.         0.06535503 0.31847162 0.61617334]
  [0.         1.         0.         0.         0.        ]
  [1.         0.         0.         0.         0.        ]
  [0.         0.12708396 0.10945986 0.54906439 0.21439179]
  [0.15826892 0.69954683 0.05931326 0.08287099 0.        ]]]"
41,0.1988,"[[[0.         0.         0.063943   0.31715658 0.61890042]
  [0.         1.         0.         0.         0.        ]
  [1.         0.         0.         0.         0.        ]
  [0.         0.13658468 0.10444443 0.54896799 0.2100029 ]
  [0.15690392 0.69664431 0.06085151 0.08560027 0.        ]]]"
42,0.1924,"[[[0.         0.         0.06093214 0.31652045 0.62254741]
  [0.         1.         0.         0.         0.        ]
  [1.         0.         0.         0.         0.        ]
  [0.         0.1386773  0.10776999 0.54987065 0.20368206]
  [0.15985706 0.6943287  0.05935425 0.08646    0.        ]]]"
43,0.1924,"[[[0.         0.         0.06185672 0.31663973 0.62150355]
  [0.         1.         0.         0.         0.        ]
  [1.         0.         0.         0.         0.        ]
  [0.         0.13907654 0.10517889 0.54817881 0.20756576]
  [0.15747954 0.69463414 0.06114255 0.08674377 0.        ]]]"
44,0.1988,"[[[0.         0.         0.06029303 0.31669577 0.6230112 ]
  [0.         1.         0.         0.         0.        ]
  [1.         0.         0.         0.         0.        ]
  [0.         0.13646432 0.10940605 0.54814352 0.20598611]
  [0.15963059 0.69409041 0.05997388 0.08630512 0.        ]]]"
45,0.2076,"[[[0.         0.         0.06275377 0.31934815 0.61789808]
  [0.         1.         0.         0.         0.        ]
  [1.         0.         0.         0.         0.        ]
  [0.         0.11770482 0.11932867 0.5452745  0.21769201]
  [0.16085708 0.69864826 0.05880986 0.0816848  0.        ]]]"
46,0.2076,"[[[0.         0.         0.0656616  0.3177324  0.616606  ]
  [0.         1.         0.         0.         0.        ]
  [1.         0.         0.         0.         0.        ]
  [0.         0.13473738 0.10146563 0.54467583 0.21912116]
  [0.15260161 0.69735466 0.06440556 0.08563818 0.        ]]]"
47,0.2012,"[[[0.         0.         0.06224987 0.31838013 0.61936999]
  [0.         1.         0.         0.         0.        ]
  [1.         0.         0.         0.         0.        ]
  [0.         0.12782921 0.11113384 0.54227103 0.21876592]
  [0.15644293 0.69564985 0.06321032 0.0846969  0.        ]]]"
48,0.2012,"[[[0.         0.         0.05508083 0.31603159 0.62888758]
  [0.         1.         0.         0.         0.        ]
  [1.         0.         0.         0.         0.        ]
  [0.         0.14027107 0.11128734 0.54385303 0.20458856]
  [0.15955733 0.68937118 0.06220515 0.08886634 0.        ]]]"
49,0.1988,"[[[0.         0.         0.05564143 0.31619882 0.62815975]
  [0.         1.         0.         0.         0.        ]
  [1.         0.         0.         0.         0.        ]
  [0.         0.13809545 0.11266065 0.54406842 0.20517548]
  [0.16018936 0.68999495 0.06169313 0.08812256 0.        ]]]"
50,0.1988,"[[[0.         0.         0.06283556 0.31775181 0.61941263]
  [0.         1.         0.         0.         0.        ]
  [1.         0.         0.         0.         0.        ]
  [0.         0.13193874 0.10777534 0.54502963 0.21525629]
  [0.15629461 0.69604147 0.06240593 0.085258   0.        ]]]"
51,0.2012,"[[[0.         0.         0.0643414  0.31972999 0.6159286 ]
  [0.         1.         0.         0.         0.        ]
  [1.         0.         0.         0.         0.        ]
  [0.         0.11727275 0.11687217 0.54354549 0.22230959]
  [0.15847743 0.69930403 0.06066371 0.08155484 0.        ]]]"
52,0.2076,"[[[0.         0.         0.06227492 0.3181357  0.61958938]
  [0.         1.         0.         0.         0.        ]
  [1.         0.         0.         0.         0.        ]
  [0.         0.12989076 0.10946249 0.54268921 0.21795753]
  [0.15594298 0.69546097 0.06341838 0.08517767 0.        ]]]"
53,0.2076,"[[[0.         0.         0.06025707 0.31651214 0.62323079]
  [0.         1.         0.         0.         0.        ]
  [1.         0.         0.         0.         0.        ]
  [0.         0.14018329 0.10470431 0.54384396 0.21126844]
  [0.15537134 0.69259569 0.06397132 0.08806164 0.        ]]]"
54,0.2012,"[[[0.         0.         0.05693236 0.31621491 0.62685272]
  [0.         1.         0.         0.         0.        ]
  [1.         0.         0.         0.         0.        ]
  [0.         0.13948268 0.10985712 0.54429217 0.20636803]
  [0.15874971 0.69066562 0.06230588 0.08827879 0.        ]]]"
55,0.2076,"[[[0.         0.         0.06001797 0.31925053 0.6207315 ]
  [0.         1.         0.         0.         0.        ]
  [1.         0.         0.         0.         0.        ]
  [0.         0.11836425 0.12241531 0.53866185 0.22055859]
  [0.16046105 0.69419613 0.06230425 0.08303857 0.        ]]]"
56,0.2076,"[[[0.         0.         0.06021973 0.31815089 0.62162939]
  [0.         1.         0.         0.         0.        ]
  [1.         0.         0.         0.         0.        ]
  [0.         0.12747207 0.11435816 0.54175612 0.21641364]
  [0.15825898 0.69413396 0.06263622 0.08497084 0.        ]]]"
57,0.1988,"[[[0.         0.         0.06400433 0.31826992 0.61772575]
  [0.         1.         0.         0.         0.        ]
  [1.         0.         0.         0.         0.        ]
  [0.         0.13111504 0.10582247 0.54212735 0.22093514]
  [0.15357215 0.69629638 0.06479726 0.08533422 0.        ]]]"
58,0.1988,"[[[0.         0.         0.05573675 0.31619994 0.62806331]
  [0.         1.         0.         0.         0.        ]
  [1.         0.         0.         0.         0.        ]
  [0.         0.13921031 0.11122382 0.54316927 0.20639659]
  [0.15905882 0.68973219 0.06264403 0.08856495 0.        ]]]"
59,0.2076,"[[[0.         0.         0.05929418 0.31730073 0.62340509]
  [0.         1.         0.         0.         0.        ]
  [1.         0.         0.         0.         0.        ]
  [0.         0.13420919 0.11009789 0.54196764 0.21372528]
  [0.15689791 0.69254069 0.06369727 0.08686413 0.        ]]]"
60,0.2012,"[[[0.         0.         0.06109331 0.31728689 0.6216198 ]
  [0.         1.         0.         0.         0.        ]
  [1.         0.         0.         0.         0.        ]
  [0.         0.13690521 0.1052051  0.54074486 0.21714483]
  [0.15370557 0.69298458 0.06578401 0.08752584 0.        ]]]"
61,0.2012,"[[[0.         0.         0.05242108 0.31637111 0.63120781]
  [0.         1.         0.         0.         0.        ]
  [1.         0.         0.         0.         0.        ]
  [0.         0.13898659 0.11443057 0.53829287 0.20828997]
  [0.15904185 0.68645137 0.06488064 0.08962614 0.        ]]]"
62,0.2012,"[[[0.         0.         0.05866452 0.31878867 0.62254681]
  [0.         1.         0.         0.         0.        ]
  [1.         0.         0.         0.         0.        ]
  [0.         0.12388738 0.11922064 0.53769251 0.21919947]
  [0.1591432  0.69225428 0.06389217 0.08471035 0.        ]]]"
63,0.1924,"[[[0.         0.         0.06078993 0.3195078  0.61970227]
  [0.         1.         0.         0.         0.        ]
  [1.         0.         0.         0.         0.        ]
  [0.         0.12460482 0.11519004 0.53577647 0.22442867]
  [0.15590829 0.69309511 0.06622584 0.08477076 0.        ]]]"
64,0.1988,"[[[0.         0.         0.05270749 0.31640903 0.63088348]
  [0.         1.         0.         0.         0.        ]
  [1.         0.         0.         0.         0.        ]
  [0.         0.13664311 0.11647783 0.53989016 0.2069889 ]
  [0.16060645 0.68732852 0.06333444 0.08873059 0.        ]]]"
65,0.1988,"[[[0.         0.         0.05882712 0.31740266 0.62377022]
  [0.         1.         0.         0.         0.        ]
  [1.         0.         0.         0.         0.        ]
  [0.         0.13504674 0.1095169  0.54016819 0.21526816]
  [0.15588834 0.69169574 0.06498698 0.08742894 0.        ]]]"
66,0.1924,"[[[0.         0.         0.06006454 0.31846485 0.62147061]
  [0.         1.         0.         0.         0.        ]
  [1.         0.         0.         0.         0.        ]
  [0.         0.12832134 0.1133089  0.53873504 0.21963472]
  [0.15653219 0.69302401 0.06486333 0.08558047 0.        ]]]"
67,0.2012,"[[[0.         0.         0.05667501 0.31663365 0.62669133]
  [0.         1.         0.         0.         0.        ]
  [1.         0.         0.         0.         0.        ]
  [0.         0.13933275 0.1089492  0.53937464 0.21234341]
  [0.15601253 0.68936984 0.06561463 0.08900301 0.        ]]]"
68,0.1988,"[[[0.         0.         0.05402983 0.31585308 0.63011708]
  [0.         1.         0.         0.         0.        ]
  [1.         0.         0.         0.         0.        ]
  [0.         0.1431295  0.10933264 0.53993181 0.20760605]
  [0.15715945 0.68730674 0.06515858 0.09037523 0.        ]]]"
69,0.2076,"[[[0.         0.         0.05815584 0.31733679 0.62450737]
  [0.         1.         0.         0.         0.        ]
  [1.         0.         0.         0.         0.        ]
  [0.         0.13483785 0.11064993 0.53991186 0.21460036]
  [0.15650654 0.6911673  0.06484416 0.087482   0.        ]]]"
70,0.2012,"[[[0.         0.         0.06241204 0.32013643 0.61745153]
  [0.         1.         0.         0.         0.        ]
  [1.         0.         0.         0.         0.        ]
  [0.         0.1227414  0.11439408 0.53492417 0.22794035]
  [0.15473551 0.69417587 0.06699042 0.0840982  0.        ]]]"
71,0.2012,"[[[0.         0.         0.05558136 0.31648005 0.62793858]
  [0.         1.         0.         0.         0.        ]
  [1.         0.         0.         0.         0.        ]
  [0.         0.14039276 0.10933905 0.53862606 0.21164213]
  [0.156136   0.68833453 0.06597389 0.08955558 0.        ]]]"
72,0.2012,"[[[0.         0.         0.05527469 0.31508385 0.62964145]
  [0.         1.         0.         0.         0.        ]
  [1.         0.         0.         0.         0.        ]
  [0.         0.15065899 0.10134725 0.53581559 0.21217817]
  [0.15143076 0.68592508 0.06958569 0.09305847 0.        ]]]"
73,0.2012,"[[[0.         0.         0.04555523 0.31556091 0.63888387]
  [0.         1.         0.         0.         0.        ]
  [1.         0.         0.         0.         0.        ]
  [0.         0.13870275 0.12320159 0.53795186 0.2001438 ]
  [0.16449754 0.68206574 0.06293815 0.09049857 0.        ]]]"
74,0.1988,"[[[0.         0.         0.05830889 0.31978537 0.62190573]
  [0.         1.         0.         0.         0.        ]
  [1.         0.         0.         0.         0.        ]
  [0.         0.11425533 0.12938041 0.53391322 0.22245105]
  [0.1626723  0.69133908 0.0634538  0.08253482 0.        ]]]"
75,0.2076,"[[[0.         0.         0.05701466 0.31769899 0.62528636]
  [0.         1.         0.         0.         0.        ]
  [1.         0.         0.         0.         0.        ]
  [0.         0.13097624 0.11538669 0.53900199 0.21463509]
  [0.15849102 0.69067156 0.06414037 0.08669706 0.        ]]]"
76,0.2076,"[[[0.         0.         0.06039369 0.31817741 0.6214289 ]
  [0.         1.         0.         0.         0.        ]
  [1.         0.         0.         0.         0.        ]
  [0.         0.13508205 0.10705717 0.53509617 0.22276461]
  [0.15230905 0.69112885 0.06880057 0.08776154 0.        ]]]"
77,0.2012,"[[[0.         0.         0.0526636  0.31599789 0.63133851]
  [0.         1.         0.         0.         0.        ]
  [1.         0.         0.         0.         0.        ]
  [0.         0.14264543 0.1109984  0.53799745 0.20835871]
  [0.15733185 0.68605018 0.065935   0.09068297 0.        ]]]"
78,0.2012,"[[[0.         0.         0.05124133 0.31654432 0.63221435]
  [0.         1.         0.         0.         0.        ]
  [1.         0.         0.         0.         0.        ]
  [0.         0.14431901 0.11049165 0.532237   0.21295234]
  [0.15488499 0.68346366 0.06960404 0.09204731 0.        ]]]"
79,0.2076,"[[[0.         0.         0.04981212 0.3180899  0.63209798]
  [0.         1.         0.         0.         0.        ]
  [1.         0.         0.         0.         0.        ]
  [0.         0.11805927 0.13901228 0.53093483 0.21199362]
  [0.16911987 0.68313952 0.06314554 0.08459506 0.        ]]]"
80,0.2012,"[[[0.         0.         0.05463385 0.31659938 0.62876677]
  [0.         1.         0.         0.         0.        ]
  [1.         0.         0.         0.         0.        ]
  [0.         0.14232797 0.10848406 0.53491704 0.21427093]
  [0.15439825 0.68644388 0.06846963 0.09068824 0.        ]]]"
81,0.2012,"[[[0.         0.         0.04965404 0.31651882 0.63382713]
  [0.         1.         0.         0.         0.        ]
  [1.         0.         0.         0.         0.        ]
  [0.         0.13831273 0.11803431 0.53586209 0.20779087]
  [0.16029278 0.68412524 0.06551542 0.09006656 0.        ]]]"
82,0.1988,"[[[0.         0.         0.04904699 0.31632801 0.634625  ]
  [0.         1.         0.         0.         0.        ]
  [1.         0.         0.         0.         0.        ]
  [0.         0.13958223 0.11762748 0.53582748 0.20696281]
  [0.16022239 0.68361044 0.06564708 0.09052009 0.        ]]]"
83,0.1988,"[[[0.         0.         0.05372928 0.31912135 0.62714937]
  [0.         1.         0.         0.         0.        ]
  [1.         0.         0.         0.         0.        ]
  [0.         0.11567475 0.13547973 0.53122518 0.21762034]
  [0.16634994 0.68642993 0.06372134 0.08349879 0.        ]]]"
84,0.2076,"[[[0.         0.         0.0546433  0.31773433 0.62762237]
  [0.         1.         0.         0.         0.        ]
  [1.         0.         0.         0.         0.        ]
  [0.         0.13197504 0.11729331 0.53643096 0.21430069]
  [0.15892014 0.68822358 0.06529314 0.08756314 0.        ]]]"
85,0.2012,"[[[0.         0.         0.05902699 0.31695279 0.62402022]
  [0.         1.         0.         0.         0.        ]
  [1.         0.         0.         0.         0.        ]
  [0.         0.14216888 0.10332357 0.53434411 0.22016344]
  [0.15079246 0.68896249 0.07013744 0.09010762 0.        ]]]"
86,0.2076,"[[[0.         0.         0.05461595 0.31933788 0.62604617]
  [0.         1.         0.         0.         0.        ]
  [1.         0.         0.         0.         0.        ]
  [0.         0.12060886 0.12824672 0.53216123 0.21898318]
  [0.16266372 0.68757118 0.06508189 0.0846832  0.        ]]]"
87,0.2076,"[[[0.         0.         0.05174649 0.31720477 0.63104874]
  [0.         1.         0.         0.         0.        ]
  [1.         0.         0.         0.         0.        ]
  [0.         0.13933984 0.11423133 0.53282518 0.21360366]
  [0.15684189 0.68443393 0.0683588  0.09036538 0.        ]]]"
88,0.2076,"[[[0.         0.         0.05770557 0.31987915 0.62241528]
  [0.         1.         0.         0.         0.        ]
  [1.         0.         0.         0.         0.        ]
  [0.         0.12978554 0.11484241 0.52995316 0.2254189 ]
  [0.15471355 0.68838676 0.07002047 0.08687923 0.        ]]]"
89,0.1988,"[[[0.         0.         0.05099429 0.3185033  0.63050241]
  [0.         1.         0.         0.         0.        ]
  [1.         0.         0.         0.         0.        ]
  [0.         0.12560128 0.12818371 0.53203453 0.21418047]
  [0.16347833 0.68470497 0.06530607 0.08651064 0.        ]]]"
90,0.1988,"[[[0.         0.         0.05359003 0.31854821 0.62786176]
  [0.         1.         0.         0.         0.        ]
  [1.         0.         0.         0.         0.        ]
  [0.         0.121461   0.12908968 0.53397017 0.21547915]
  [0.16393517 0.68738495 0.06368571 0.08499416 0.        ]]]"
91,0.1988,"[[[0.         0.         0.04869655 0.31611437 0.63518908]
  [0.         1.         0.         0.         0.        ]
  [1.         0.         0.         0.         0.        ]
  [0.         0.13750532 0.12028021 0.5384846  0.20372987]
  [0.16259124 0.68439657 0.06329696 0.08971524 0.        ]]]"
92,0.1988,"[[[0.         0.         0.05918809 0.3176546  0.62315731]
  [0.         1.         0.         0.         0.        ]
  [1.         0.         0.         0.         0.        ]
  [0.         0.13901087 0.10546494 0.5337669  0.22175729]
  [0.15143385 0.68937788 0.06998839 0.08919989 0.        ]]]"
93,0.1988,"[[[0.         0.         0.05135352 0.31846197 0.6301845 ]
  [0.         1.         0.         0.         0.        ]
  [1.         0.         0.         0.         0.        ]
  [0.         0.12401164 0.12945264 0.53245215 0.21408357]
  [0.16417693 0.68513339 0.0646763  0.08601338 0.        ]]]"
94,0.1988,"[[[0.         0.         0.0567451  0.31858686 0.62466804]
  [0.         1.         0.         0.         0.        ]
  [1.         0.         0.         0.         0.        ]
  [0.         0.13072735 0.11545018 0.53408368 0.21973879]
  [0.15666232 0.68898767 0.06725308 0.08709693 0.        ]]]"
95,0.2012,"[[[0.         0.         0.04842994 0.31647815 0.6350919 ]
  [0.         1.         0.         0.         0.        ]
  [1.         0.         0.         0.         0.        ]
  [0.         0.13957658 0.11818652 0.53472554 0.20751136]
  [0.16015544 0.68292704 0.06621049 0.09070703 0.        ]]]"
96,0.1988,"[[[0.         0.         0.05364512 0.31666556 0.62968932]
  [0.         1.         0.         0.         0.        ]
  [1.         0.         0.         0.         0.        ]
  [0.         0.14304201 0.10897183 0.53328419 0.21470197]
  [0.15417368 0.68528017 0.06934142 0.09120473 0.        ]]]"
97,0.1988,"[[[0.         0.         0.05269811 0.31950826 0.62779363]
  [0.         1.         0.         0.         0.        ]
  [1.         0.         0.         0.         0.        ]
  [0.         0.12485541 0.12635283 0.53009173 0.21870002]
  [0.16155011 0.68531788 0.0670168  0.08611521 0.        ]]]"
98,0.1988,"[[[0.         0.         0.05210308 0.31681517 0.63108176]
  [0.         1.         0.         0.         0.        ]
  [1.         0.         0.         0.         0.        ]
  [0.         0.14040045 0.11302687 0.53420608 0.2123666 ]
  [0.1567531  0.68493898 0.0677904  0.09051753 0.        ]]]"
99,0.2012,"[[[0.         0.         0.05764012 0.31896214 0.62339774]
  [0.         1.         0.         0.         0.        ]
  [1.         0.         0.         0.         0.        ]
  [0.         0.13275217 0.11240879 0.53182485 0.22301419]
  [0.1542288  0.68861921 0.06946071 0.08769127 0.        ]]]"
100,0.2012,"[[[0.         0.         0.04385971 0.31740242 0.63873788]
  [0.         1.         0.         0.         0.        ]
  [1.         0.         0.         0.         0.        ]
  [0.         0.13767273 0.12461416 0.52998666 0.20772645]
  [0.16226782 0.67894291 0.06773057 0.0910587  0.        ]]]"
101,0.2012,"[[[0.         0.         0.04850009 0.31869163 0.63280828]
  [0.         1.         0.         0.         0.        ]
  [1.         0.         0.         0.         0.        ]
  [0.         0.12327718 0.13415052 0.52964648 0.21292582]
  [0.16637262 0.68204712 0.06539674 0.08618352 0.        ]]]"
102,0.1988,"[[[0.         0.         0.04605907 0.31697264 0.63696828]
  [0.         1.         0.         0.         0.        ]
  [1.         0.         0.         0.         0.        ]
  [0.         0.14152646 0.1185875  0.53067917 0.20920688]
  [0.1591373  0.68022126 0.0686865  0.09195494 0.        ]]]"
103,0.1988,"[[[0.         0.         0.04447166 0.31633174 0.6391966 ]
  [0.         1.         0.         0.         0.        ]
  [1.         0.         0.         0.         0.        ]
  [0.         0.13119053 0.13155054 0.53459135 0.20266759]
  [0.16745441 0.68079396 0.06296421 0.08878742 0.        ]]]"
104,0.1988,"[[[0.         0.         0.05304673 0.31804417 0.6289091 ]
  [0.         1.         0.         0.         0.        ]
  [1.         0.         0.         0.         0.        ]
  [0.         0.12724717 0.12382082 0.53538681 0.21354521]
  [0.16196248 0.68723746 0.06423844 0.08656162 0.        ]]]"
105,0.1988,"[[[0.         0.         0.06011229 0.3191751  0.62071262]
  [0.         1.         0.         0.         0.        ]
  [1.         0.         0.         0.         0.        ]
  [0.         0.13312825 0.10890745 0.5316466  0.2263177 ]
  [0.15193825 0.69011343 0.07047499 0.08747333 0.        ]]]"
106,0.2012,"[[[0.         0.         0.05229042 0.31688435 0.63082523]
  [0.         1.         0.         0.         0.        ]
  [1.         0.         0.         0.         0.        ]
  [0.         0.1398048  0.11331572 0.53439589 0.2124836 ]
  [0.15691697 0.68518234 0.06760226 0.09029843 0.        ]]]"
107,0.2012,"[[[0.         0.         0.05670033 0.32033092 0.62296875]
  [0.         1.         0.         0.         0.        ]
  [1.         0.         0.         0.         0.        ]
  [0.         0.1280204  0.1176833  0.52887982 0.22541647]
  [0.15596668 0.68753628 0.06998509 0.08651194 0.        ]]]"
108,0.2012,"[[[0.         0.         0.05336634 0.32004968 0.62658398]
  [0.         1.         0.         0.         0.        ]
  [1.         0.         0.         0.         0.        ]
  [0.         0.12798601 0.12209201 0.52841269 0.22150929]
  [0.15872451 0.68512619 0.06920174 0.08694756 0.        ]]]"
109,0.1988,"[[[0.         0.         0.05035091 0.31658561 0.63306348]
  [0.         1.         0.         0.         0.        ]
  [1.         0.         0.         0.         0.        ]
  [0.         0.14345515 0.11234648 0.53224217 0.21195621]
  [0.1560173  0.68296067 0.0691628  0.09185923 0.        ]]]"
110,0.2012,"[[[0.         0.         0.05361722 0.32038995 0.62599283]
  [0.         1.         0.         0.         0.        ]
  [1.         0.         0.         0.         0.        ]
  [0.         0.1188148  0.13150243 0.5283318  0.22135097]
  [0.16348708 0.68545143 0.06677004 0.08429145 0.        ]]]"
111,0.1924,"[[[0.         0.         0.05175406 0.32041351 0.62783243]
  [0.         1.         0.         0.         0.        ]
  [1.         0.         0.         0.         0.        ]
  [0.         0.12455341 0.12763161 0.52737339 0.2204416 ]
  [0.16157156 0.68379433 0.06849899 0.08613512 0.        ]]]"
112,0.2012,"[[[0.         0.         0.05495651 0.32021623 0.62482726]
  [0.         1.         0.         0.         0.        ]
  [1.         0.         0.         0.         0.        ]
  [0.         0.11766527 0.13083258 0.52966149 0.22184066]
  [0.16315662 0.68697747 0.06601342 0.08385249 0.        ]]]"
113,0.2012,"[[[0.         0.         0.05241632 0.31720334 0.63038033]
  [0.         1.         0.         0.         0.        ]
  [1.         0.         0.         0.         0.        ]
  [0.         0.14351842 0.1098771  0.5296505  0.21695398]
  [0.15343319 0.68340831 0.07134055 0.09181795 0.        ]]]"
114,0.2012,"[[[0.         0.         0.04251395 0.31678379 0.64070226]
  [0.         1.         0.         0.         0.        ]
  [1.         0.         0.         0.         0.        ]
  [0.         0.14258805 0.12156799 0.52958008 0.20626388]
  [0.16086687 0.67764851 0.06872143 0.0927632  0.        ]]]"
115,0.1988,"[[[0.         0.         0.04528199 0.31721266 0.63750535]
  [0.         1.         0.         0.         0.        ]
  [1.         0.         0.         0.         0.        ]
  [0.         0.14114102 0.11982715 0.52949383 0.20953801]
  [0.1594929  0.67938694 0.06914332 0.09197684 0.        ]]]"
116,0.2012,"[[[0.         0.         0.0419387  0.31678698 0.64127432]
  [0.         1.         0.         0.         0.        ]
  [1.         0.         0.         0.         0.        ]
  [0.         0.13281008 0.13240063 0.53151494 0.20327435]
  [0.16724235 0.67817753 0.06487235 0.08970777 0.        ]]]"
117,0.2012,"[[[0.         0.         0.0602297  0.32084173 0.61892858]
  [0.         1.         0.         0.         0.        ]
  [1.         0.         0.         0.         0.        ]
  [0.         0.12933088 0.11183896 0.52801047 0.23081969]
  [0.15208399 0.68948634 0.07201507 0.0864146  0.        ]]]"
118,0.1924,"[[[0.         0.         0.05286115 0.31582338 0.63131547]
  [0.         1.         0.         0.         0.        ]
  [1.         0.         0.         0.         0.        ]
  [0.         0.15092601 0.10373884 0.52835609 0.21697907]
  [0.14996474 0.68228044 0.07345721 0.09429761 0.        ]]]"
119,0.1924,"[[[0.         0.         0.05444221 0.32067674 0.62488105]
  [0.         1.         0.         0.         0.        ]
  [1.         0.         0.         0.         0.        ]
  [0.         0.12186783 0.12681955 0.52814808 0.22316453]
  [0.16081713 0.68603318 0.06811917 0.08503052 0.        ]]]"
120,0.2076,"[[[0.         0.         0.05238593 0.31725813 0.63035594]
  [0.         1.         0.         0.         0.        ]
  [1.         0.         0.         0.         0.        ]
  [0.         0.14215105 0.11103588 0.5306299  0.21618317]
  [0.15438135 0.68382686 0.07048279 0.091309   0.        ]]]"
121,0.2012,"[[[0.         0.         0.05642359 0.32026469 0.62331172]
  [0.         1.         0.         0.         0.        ]
  [1.         0.         0.         0.         0.        ]
  [0.         0.13099734 0.1154047  0.5277045  0.22589345]
  [0.15457843 0.68669322 0.07129225 0.08743609 0.        ]]]"
122,0.2012,"[[[0.         0.         0.0556935  0.32127105 0.62303546]
  [0.         1.         0.         0.         0.        ]
  [1.         0.         0.         0.         0.        ]
  [0.         0.12908181 0.11791081 0.52553397 0.22747341]
  [0.15533805 0.68569918 0.07205466 0.08690811 0.        ]]]"
123,0.2012,"[[[0.         0.         0.04466219 0.31780286 0.63753495]
  [0.         1.         0.         0.         0.        ]
  [1.         0.         0.         0.         0.        ]
  [0.         0.13925059 0.1221276  0.52821597 0.21040584]
  [0.16029328 0.67877104 0.06942956 0.09150613 0.        ]]]"
124,0.2012,"[[[0.         0.         0.05294141 0.31993518 0.62712341]
  [0.         1.         0.         0.         0.        ]
  [1.         0.         0.         0.         0.        ]
  [0.         0.13170931 0.11917282 0.52725649 0.22186138]
  [0.15702656 0.68420125 0.07066208 0.08811011 0.        ]]]"
125,0.2012,"[[[0.         0.         0.04135305 0.31682855 0.64181841]
  [0.         1.         0.         0.         0.        ]
  [1.         0.         0.         0.         0.        ]
  [0.         0.1402761  0.1250806  0.52994845 0.20469485]
  [0.16296598 0.67720049 0.06768898 0.09214455 0.        ]]]"
126,0.1988,"[[[0.         0.         0.04409374 0.31783154 0.63807473]
  [0.         1.         0.         0.         0.        ]
  [1.         0.         0.         0.         0.        ]
  [0.         0.13904276 0.1229541  0.52803502 0.20996812]
  [0.16074676 0.67838111 0.06936038 0.09151174 0.        ]]]"
127,0.1988,"[[[0.         0.         0.04741069 0.31756933 0.63501998]
  [0.         1.         0.         0.         0.        ]
  [1.         0.         0.         0.         0.        ]
  [0.         0.13921728 0.1191981  0.52981023 0.21177439]
  [0.15896479 0.68088095 0.06907969 0.09107456 0.        ]]]"
128,0.1924,"[[[0.         0.         0.05040252 0.31953391 0.63006358]
  [0.         1.         0.         0.         0.        ]
  [1.         0.         0.         0.         0.        ]
  [0.         0.12112993 0.13372672 0.52854082 0.21660254]
  [0.16544848 0.68305484 0.06616877 0.08532791 0.        ]]]"
129,0.2076,"[[[0.         0.         0.05747236 0.32178364 0.620744  ]
  [0.         1.         0.         0.         0.        ]
  [1.         0.         0.         0.         0.        ]
  [0.         0.12079217 0.12337958 0.52706601 0.22876224]
  [0.15805295 0.68798226 0.06966484 0.08429995 0.        ]]]"
130,0.1924,"[[[0.         0.         0.05682583 0.32173494 0.62143923]
  [0.         1.         0.         0.         0.        ]
  [1.         0.         0.         0.         0.        ]
  [0.         0.1250731  0.12009363 0.52600494 0.22882833]
  [0.15631401 0.68691372 0.07120817 0.08556411 0.        ]]]"
131,0.1988,"[[[0.         0.         0.0545513  0.3208629  0.62458579]
  [0.         1.         0.         0.         0.        ]
  [1.         0.         0.         0.         0.        ]
  [0.         0.12483608 0.12355017 0.52733916 0.22427459]
  [0.15891821 0.68574149 0.06949951 0.08584079 0.        ]]]"
132,0.1988,"[[[0.         0.         0.05012578 0.3180599  0.63181432]
  [0.         1.         0.         0.         0.        ]
  [1.         0.         0.         0.         0.        ]
  [0.         0.1332437  0.12150172 0.53179534 0.21345923]
  [0.16022643 0.68370497 0.06722709 0.08884151 0.        ]]]"
133,0.1988,"[[[0.         0.         0.04468896 0.31674145 0.63856959]
  [0.         1.         0.         0.         0.        ]
  [1.         0.         0.         0.         0.        ]
  [0.         0.13010458 0.13214175 0.53347351 0.20428017]
  [0.16727973 0.6806547  0.06354262 0.08852296 0.        ]]]"
134,0.1988,"[[[0.         0.         0.05159666 0.31802793 0.63037541]
  [0.         1.         0.         0.         0.        ]
  [1.         0.         0.         0.         0.        ]
  [0.         0.13133897 0.12165125 0.53313293 0.21387684]
  [0.16049723 0.6851896  0.06630048 0.0880127  0.        ]]]"
135,0.1988,"[[[0.         0.         0.04770248 0.31747275 0.63482477]
  [0.         1.         0.         0.         0.        ]
  [1.         0.         0.         0.         0.        ]
  [0.         0.12706817 0.13134899 0.53309335 0.20848948]
  [0.16615215 0.68265993 0.06388406 0.08730386 0.        ]]]"
136,0.1988,"[[[0.         0.         0.0466648  0.31704807 0.63628714]
  [0.         1.         0.         0.         0.        ]
  [1.         0.         0.         0.         0.        ]
  [0.         0.13174747 0.12782364 0.53356999 0.20685891]
  [0.16476123 0.68197546 0.06453265 0.08873066 0.        ]]]"
137,0.1988,"[[[0.         0.         0.04923642 0.3179937  0.63276988]
  [0.         1.         0.         0.         0.        ]
  [1.         0.         0.         0.         0.        ]
  [0.         0.126307   0.12998597 0.53236812 0.21133892]
  [0.16489409 0.68352379 0.06466298 0.08691914 0.        ]]]"
138,0.2012,"[[[0.         0.         0.04919226 0.31779157 0.63301617]
  [0.         1.         0.         0.         0.        ]
  [1.         0.         0.         0.         0.        ]
  [0.         0.13319569 0.12281524 0.53225637 0.2117327 ]
  [0.16125003 0.68322062 0.06661408 0.08891527 0.        ]]]"
139,0.1988,"[[[0.         0.         0.05265948 0.31998121 0.62735931]
  [0.         1.         0.         0.         0.        ]
  [1.         0.         0.         0.         0.        ]
  [0.         0.1224705  0.12886078 0.5288911  0.21977762]
  [0.16248035 0.68493647 0.06714148 0.0854417  0.        ]]]"
140,0.2012,"[[[0.         0.         0.05108306 0.31974946 0.62916748]
  [0.         1.         0.         0.         0.        ]
  [1.         0.         0.         0.         0.        ]
  [0.         0.12138164 0.13239453 0.52847067 0.21775315]
  [0.16457335 0.68357082 0.0665408  0.08531502 0.        ]]]"
141,0.2012,"[[[0.         0.         0.05436028 0.32068217 0.62495755]
  [0.         1.         0.         0.         0.        ]
  [1.         0.         0.         0.         0.        ]
  [0.         0.12478955 0.12390314 0.52770735 0.22359996]
  [0.15923906 0.68572783 0.06917103 0.08586208 0.        ]]]"
142,0.1988,"[[[0.         0.         0.05424258 0.32094899 0.62480842]
  [0.         1.         0.         0.         0.        ]
  [1.         0.         0.         0.         0.        ]
  [0.         0.12299087 0.12584645 0.52726369 0.22389898]
  [0.1601209  0.68556956 0.06895949 0.08535005 0.        ]]]"
143,0.1924,"[[[0.         0.         0.0443825  0.31697237 0.63864513]
  [0.         1.         0.         0.         0.        ]
  [1.         0.         0.         0.         0.        ]
  [0.         0.13627702 0.12575569 0.53183391 0.20613338]
  [0.16350554 0.67980078 0.06624908 0.0904446  0.        ]]]"
144,0.2076,"[[[0.         0.         0.0490028  0.31869059 0.63230661]
  [0.         1.         0.         0.         0.        ]
  [1.         0.         0.         0.         0.        ]
  [0.         0.1267592  0.12950347 0.53013502 0.2136023 ]
  [0.16397517 0.68263328 0.06627421 0.08711734 0.        ]]]"
145,0.1924,"[[[0.         0.         0.05095194 0.31752447 0.63152359]
  [0.         1.         0.         0.         0.        ]
  [1.         0.         0.         0.         0.        ]
  [0.         0.1416292  0.11306239 0.52951015 0.21579825]
  [0.15520874 0.68269391 0.07069407 0.09140327 0.        ]]]"
146,0.1988,"[[[0.         0.         0.04382324 0.31749604 0.63868071]
  [0.         1.         0.         0.         0.        ]
  [1.         0.         0.         0.         0.        ]
  [0.         0.13615943 0.12627348 0.52988689 0.2076802 ]
  [0.16316903 0.67887404 0.06739428 0.09056265 0.        ]]]"
147,0.1988,"[[[0.         0.         0.04863544 0.31948404 0.63188053]
  [0.         1.         0.         0.         0.        ]
  [1.         0.         0.         0.         0.        ]
  [0.         0.12363723 0.13324635 0.52782568 0.21529074]
  [0.16534956 0.68156966 0.06684793 0.08623286 0.        ]]]"
148,0.1924,"[[[0.         0.         0.04358179 0.31717117 0.63924704]
  [0.         1.         0.         0.         0.        ]
  [1.         0.         0.         0.         0.        ]
  [0.         0.12996741 0.13344058 0.53124987 0.20534214]
  [0.16741793 0.67918056 0.06471852 0.08868298 0.        ]]]"
149,0.1988,"[[[0.         0.         0.05118184 0.31972482 0.62909334]
  [0.         1.         0.         0.         0.        ]
  [1.         0.         0.         0.         0.        ]
  [0.         0.12698852 0.12609035 0.52841124 0.21850989]
  [0.16124441 0.68361735 0.06822335 0.08691489 0.        ]]]"
150,0.1924,"[[[0.         0.         0.04471853 0.31766336 0.63761811]
  [0.         1.         0.         0.         0.        ]
  [1.         0.         0.         0.         0.        ]
  [0.         0.13675675 0.12459136 0.52953804 0.20911385]
  [0.16203935 0.67930375 0.06800566 0.09065124 0.        ]]]"
151,0.2012,"[[[0.         0.         0.04132255 0.31755787 0.64111958]
  [0.         1.         0.         0.         0.        ]
  [1.         0.         0.         0.         0.        ]
  [0.         0.13417104 0.13119931 0.52900911 0.20562055]
  [0.16584565 0.67704974 0.06684291 0.0902617  0.        ]]]"
152,0.2012,"[[[0.         0.         0.04761734 0.31723712 0.63514553]
  [0.         1.         0.         0.         0.        ]
  [1.         0.         0.         0.         0.        ]
  [0.         0.14461834 0.11419059 0.52773416 0.21345692]
  [0.15566401 0.67991757 0.07150844 0.09290999 0.        ]]]"
153,0.2012,"[[[0.         0.         0.0379824  0.31701371 0.64500389]
  [0.         1.         0.         0.         0.        ]
  [1.         0.         0.         0.         0.        ]
  [0.         0.14375176 0.12497661 0.52729753 0.2039741 ]
  [0.16237016 0.67434893 0.06947024 0.09381067 0.        ]]]"
154,0.1924,"[[[0.         0.         0.03972236 0.31700227 0.64327536]
  [0.         1.         0.         0.         0.        ]
  [1.         0.         0.         0.         0.        ]
  [0.         0.13976848 0.12721769 0.52903925 0.20397459]
  [0.16392929 0.67602896 0.06780578 0.09223597 0.        ]]]"
155,0.1924,"[[[0.         0.         0.03603283 0.31555484 0.64841233]
  [0.         1.         0.         0.         0.        ]
  [1.         0.         0.         0.         0.        ]
  [0.         0.13745618 0.13456582 0.53208215 0.19589586]
  [0.16949716 0.67454963 0.06418815 0.09176505 0.        ]]]"
156,0.2012,"[[[0.         0.         0.04165157 0.31603126 0.64231717]
  [0.         1.         0.         0.         0.        ]
  [1.         0.         0.         0.         0.        ]
  [0.         0.13452064 0.13136138 0.53371972 0.20039826]
  [0.16755557 0.67860992 0.06369474 0.09013978 0.        ]]]"
157,0.1924,"[[[0.         0.         0.04710219 0.3162471  0.63665071]
  [0.         1.         0.         0.         0.        ]
  [1.         0.         0.         0.         0.        ]
  [0.         0.14566631 0.11402359 0.53113127 0.20917883]
  [0.15698206 0.68050048 0.0694472  0.09307026 0.        ]]]"
158,0.2076,"[[[0.         0.         0.03509806 0.31456171 0.65034024]
  [0.         1.         0.         0.         0.        ]
  [1.         0.         0.         0.         0.        ]
  [0.         0.1297379  0.14565068 0.53214863 0.19246279]
  [0.17580256 0.67325446 0.0614346  0.08950837 0.        ]]]"
159,0.1988,"[[[0.         0.         0.05430653 0.32009353 0.62559993]
  [0.         1.         0.         0.         0.        ]
  [1.         0.         0.         0.         0.        ]
  [0.         0.12298342 0.12594562 0.52956437 0.22150659]
  [0.16079639 0.68638889 0.06742592 0.0853888  0.        ]]]"
160,0.1988,"[[[0.         0.         0.05304971 0.32020422 0.62674607]
  [0.         1.         0.         0.         0.        ]
  [1.         0.         0.         0.         0.        ]
  [0.         0.11695439 0.13464671 0.52811528 0.22028362]
  [0.16524059 0.68482869 0.06608636 0.08384436 0.        ]]]"
161,0.1988,"[[[0.         0.         0.04808109 0.31890424 0.63301466]
  [0.         1.         0.         0.         0.        ]
  [1.         0.         0.         0.         0.        ]
  [0.         0.12425511 0.13348411 0.5289538  0.21330699]
  [0.16590474 0.68153957 0.06605499 0.0865007  0.        ]]]"
162,0.1924,"[[[0.         0.         0.04220308 0.31551753 0.64227939]
  [0.         1.         0.         0.         0.        ]
  [1.         0.         0.         0.         0.        ]
  [0.         0.12514934 0.1421166  0.53357584 0.19915823]
  [0.17318127 0.67848494 0.0609488  0.087385   0.        ]]]"
163,0.1988,"[[[0.         0.         0.04596365 0.31736044 0.63667591]
  [0.         1.         0.         0.         0.        ]
  [1.         0.         0.         0.         0.        ]
  [0.         0.13381801 0.1262943  0.53177895 0.20810875]
  [0.16347465 0.68090069 0.06610997 0.08951469 0.        ]]]"
164,0.1988,"[[[0.         0.         0.04854605 0.31650145 0.6349525 ]
  [0.         1.         0.         0.         0.        ]
  [1.         0.         0.         0.         0.        ]
  [0.         0.11335047 0.14871684 0.53039071 0.20754198]
  [0.17487452 0.68075981 0.06092939 0.08343628 0.        ]]]"
165,0.1988,"[[[0.         0.         0.0437726  0.31581362 0.64041378]
  [0.         1.         0.         0.         0.        ]
  [1.         0.         0.         0.         0.        ]
  [0.         0.12161316 0.1444337  0.53247919 0.20147395]
  [0.17385406 0.67892453 0.06097991 0.0862415  0.        ]]]"
166,0.2012,"[[[0.         0.         0.04356067 0.31586781 0.64057152]
  [0.         1.         0.         0.         0.        ]
  [1.         0.         0.         0.         0.        ]
  [0.         0.12201007 0.14416284 0.53232511 0.20150198]
  [0.17370831 0.67875045 0.0611726  0.08636864 0.        ]]]"
167,0.1924,"[[[0.         0.         0.03921412 0.3155465  0.64523938]
  [0.         1.         0.         0.         0.        ]
  [1.         0.         0.         0.         0.        ]
  [0.         0.12714717 0.14328863 0.53179613 0.19776808]
  [0.17374742 0.67590034 0.06203229 0.08831995 0.        ]]]"
168,0.1924,"[[[0.         0.         0.03721826 0.31498026 0.64780148]
  [0.         1.         0.         0.         0.        ]
  [1.         0.         0.         0.         0.        ]
  [0.         0.12708051 0.14626827 0.53150891 0.19514231]
  [0.17567204 0.67423832 0.06158676 0.08850287 0.        ]]]"
169,0.1924,"[[[0.         0.         0.03901497 0.31580943 0.64517559]
  [0.         1.         0.         0.         0.        ]
  [1.         0.         0.         0.         0.        ]
  [0.         0.12873163 0.14132597 0.53160909 0.19833332]
  [0.17260681 0.67590462 0.06267566 0.08881291 0.        ]]]"
170,0.1988,"[[[0.         0.         0.03809559 0.31433428 0.64757012]
  [0.         1.         0.         0.         0.        ]
  [1.         0.         0.         0.         0.        ]
  [0.         0.12390466 0.15009035 0.53165136 0.19435362]
  [0.17787371 0.67422077 0.06044569 0.08745983 0.        ]]]"
171,0.2012,"[[[0.         0.         0.04339957 0.31682838 0.63977205]
  [0.         1.         0.         0.         0.        ]
  [1.         0.         0.         0.         0.        ]
  [0.         0.12195715 0.14379493 0.52994444 0.20430348]
  [0.17280393 0.67790703 0.06292309 0.08636595 0.        ]]]"
172,0.1924,"[[[0.         0.         0.03715523 0.31634368 0.64650109]
  [0.         1.         0.         0.         0.        ]
  [1.         0.         0.         0.         0.        ]
  [0.         0.13078663 0.14056251 0.52980295 0.19884792]
  [0.17180916 0.67432827 0.0641902  0.08967237 0.        ]]]"
173,0.2012,"[[[0.         0.         0.04189484 0.31470315 0.64340202]
  [0.         1.         0.         0.         0.        ]
  [1.         0.         0.         0.         0.        ]
  [0.         0.11675694 0.15541605 0.52888899 0.19893802]
  [0.17988309 0.67446395 0.06073676 0.0849162  0.        ]]]"
174,0.1988,"[[[0.         0.         0.04030629 0.31585275 0.64384096]
  [0.         1.         0.         0.         0.        ]
  [1.         0.         0.         0.         0.        ]
  [0.         0.12294998 0.14729458 0.52995346 0.19980198]
  [0.17535831 0.67547667 0.06220307 0.08696196 0.        ]]]"
175,0.1924,"[[[0.         0.         0.03686897 0.31510812 0.64802291]
  [0.         1.         0.         0.         0.        ]
  [1.         0.         0.         0.         0.        ]
  [0.         0.12851718 0.14469525 0.53165946 0.19512811]
  [0.17485051 0.67427277 0.06190575 0.08897097 0.        ]]]"
176,0.1924,"[[[0.         0.         0.03667928 0.31490421 0.64841651]
  [0.         1.         0.         0.         0.        ]
  [1.         0.         0.         0.         0.        ]
  [0.         0.12694947 0.14716698 0.53117551 0.19470804]
  [0.17617073 0.67369075 0.06162215 0.08851637 0.        ]]]"
177,0.1988,"[[[0.         0.         0.03661154 0.31487541 0.64851305]
  [0.         1.         0.         0.         0.        ]
  [1.         0.         0.         0.         0.        ]
  [0.         0.12639191 0.14802828 0.53088547 0.19469434]
  [0.17660023 0.67343678 0.06160944 0.08835355 0.        ]]]"
178,0.1924,"[[[0.         0.         0.03737403 0.31524818 0.64737779]
  [0.         1.         0.         0.         0.        ]
  [1.         0.         0.         0.         0.        ]
  [0.         0.1261953  0.14703887 0.53063834 0.19612749]
  [0.17582753 0.67396262 0.06198427 0.08822558 0.        ]]]"
179,0.1924,"[[[0.         0.         0.03555067 0.3148368  0.64961253]
  [0.         1.         0.         0.         0.        ]
  [1.         0.         0.         0.         0.        ]
  [0.         0.12731455 0.14809563 0.53066706 0.19392275]
  [0.17670989 0.67274128 0.06181306 0.08873577 0.        ]]]"
180,0.2076,"[[[0.         0.         0.03703952 0.31601589 0.64694458]
  [0.         1.         0.         0.         0.        ]
  [1.         0.         0.         0.         0.        ]
  [0.         0.12997651 0.14195602 0.53023638 0.19783109]
  [0.17279507 0.67423332 0.06355726 0.08941435 0.        ]]]"
181,0.2012,"[[[0.         0.         0.03916998 0.31646496 0.64436506]
  [0.         1.         0.         0.         0.        ]
  [1.         0.         0.         0.         0.        ]
  [0.         0.12608912 0.14406689 0.52932356 0.20052043]
  [0.17343156 0.67502258 0.06353404 0.08801182 0.        ]]]"
182,0.1924,"[[[0.         0.         0.04154726 0.3168833  0.64156943]
  [0.         1.         0.         0.         0.        ]
  [1.         0.         0.         0.         0.        ]
  [0.         0.12006845 0.14909359 0.527317   0.20352096]
  [0.17557303 0.67504815 0.06349948 0.08587934 0.        ]]]"
183,0.2076,"[[[0.         0.         0.035365   0.31507589 0.6495591 ]
  [0.         1.         0.         0.         0.        ]
  [1.         0.         0.         0.         0.        ]
  [0.         0.12730993 0.14813361 0.53006404 0.19449243]
  [0.17657119 0.67244456 0.06223463 0.08874962 0.        ]]]"
184,0.1988,"[[[0.         0.         0.03550481 0.31573619 0.648759  ]
  [0.         1.         0.         0.         0.        ]
  [1.         0.         0.         0.         0.        ]
  [0.         0.12834175 0.14607264 0.52933562 0.19624999]
  [0.17510042 0.67260032 0.06324176 0.0890575  0.        ]]]"
185,0.1988,"[[[0.         0.         0.03608629 0.31507008 0.64884364]
  [0.         1.         0.         0.         0.        ]
  [1.         0.         0.         0.         0.        ]
  [0.         0.12589615 0.14919471 0.52986923 0.19503992]
  [0.17705636 0.67263833 0.06205995 0.08824536 0.        ]]]"
186,0.1988,"[[[0.         0.         0.03941888 0.31621877 0.64436236]
  [0.         1.         0.         0.         0.        ]
  [1.         0.         0.         0.         0.        ]
  [0.         0.12449016 0.14605839 0.52933756 0.20011389]
  [0.17456217 0.6749271  0.06300507 0.08750567 0.        ]]]"
187,0.1988,"[[[0.         0.         0.03734856 0.3160246  0.64662684]
  [0.         1.         0.         0.         0.        ]
  [1.         0.         0.         0.         0.        ]
  [0.         0.12797288 0.14410801 0.52982188 0.19809723]
  [0.17383722 0.6740931  0.06328897 0.08878071 0.        ]]]"
188,0.1988,"[[[0.         0.         0.03956551 0.31560892 0.64482558]
  [0.         1.         0.         0.         0.        ]
  [1.         0.         0.         0.         0.        ]
  [0.         0.12176388 0.15017424 0.52913668 0.19892521]
  [0.17697933 0.6742795  0.06208886 0.08665231 0.        ]]]"
189,0.1988,"[[[0.         0.         0.03960733 0.31624273 0.64414995]
  [0.         1.         0.         0.         0.        ]
  [1.         0.         0.         0.         0.        ]
  [0.         0.12435289 0.14595848 0.52942572 0.20026291]
  [0.17449827 0.67508988 0.06296115 0.08745071 0.        ]]]"
190,0.1924,"[[[0.         0.         0.03881467 0.31639234 0.64479299]
  [0.         1.         0.         0.         0.        ]
  [1.         0.         0.         0.         0.        ]
  [0.         0.12588192 0.14480629 0.52922896 0.20008283]
  [0.173878   0.67469708 0.0634377  0.08798722 0.        ]]]"
191,0.2012,"[[[0.         0.         0.03624131 0.31625874 0.64749994]
  [0.         1.         0.         0.         0.        ]
  [1.         0.         0.         0.         0.        ]
  [0.         0.12842843 0.14472114 0.52876692 0.19808352]
  [0.17404601 0.67302294 0.06392363 0.08900742 0.        ]]]"
192,0.1924,"[[[0.         0.         0.03354447 0.31508616 0.65136937]
  [0.         1.         0.         0.         0.        ]
  [1.         0.         0.         0.         0.        ]
  [0.         0.12644162 0.15156804 0.52834702 0.19364332]
  [0.17837952 0.67031403 0.06271102 0.08859544 0.        ]]]"
193,0.1924,"[[[0.         0.         0.03469874 0.31560205 0.64969921]
  [0.         1.         0.         0.         0.        ]
  [1.         0.         0.         0.         0.        ]
  [0.         0.12641126 0.14979067 0.52822336 0.19557471]
  [0.17711758 0.67123561 0.06315502 0.08849179 0.        ]]]"
194,0.2012,"[[[0.         0.         0.03833222 0.31558892 0.64607886]
  [0.         1.         0.         0.         0.        ]
  [1.         0.         0.         0.         0.        ]
  [0.         0.12144025 0.15241872 0.52787296 0.19826807]
  [0.17822584 0.67268285 0.06249809 0.08659323 0.        ]]]"
195,0.1924,"[[[0.         0.         0.04139777 0.31764219 0.64096003]
  [0.         1.         0.         0.         0.        ]
  [1.         0.         0.         0.         0.        ]
  [0.         0.1205681  0.14808691 0.52617713 0.20516786]
  [0.17469849 0.67475672 0.06456451 0.08598029 0.        ]]]"
196,0.1988,"[[[0.         0.         0.03289878 0.31526298 0.65183824]
  [0.         1.         0.         0.         0.        ]
  [1.         0.         0.         0.         0.        ]
  [0.         0.12719326 0.15113707 0.5280561  0.19361357]
  [0.17810375 0.66994961 0.06306369 0.08888294 0.        ]]]"
197,0.1988,"[[[0.         0.         0.03489927 0.31567074 0.64942999]
  [0.         1.         0.         0.         0.        ]
  [1.         0.         0.         0.         0.        ]
  [0.         0.12790552 0.14743429 0.52890428 0.19575592]
  [0.17586219 0.67192855 0.06324258 0.08896668 0.        ]]]"
198,0.2076,"[[[0.         0.         0.03481393 0.31549345 0.64969261]
  [0.         1.         0.         0.         0.        ]
  [1.         0.         0.         0.         0.        ]
  [0.         0.12654119 0.14954694 0.52854942 0.19536244]
  [0.17704681 0.67144211 0.06297858 0.08853249 0.        ]]]"
199,0.1988,"[[[0.         0.         0.0369895  0.31702788 0.64598263]
  [0.         1.         0.         0.         0.        ]
  [1.         0.         0.         0.         0.        ]
  [0.         0.12568633 0.14700612 0.52674834 0.20055921]
  [0.17474466 0.67252687 0.06471578 0.08801269 0.        ]]]"
200,0.1988,"[[[0.         0.         0.0402544  0.31701559 0.64273001]
  [0.         1.         0.         0.         0.        ]
  [1.         0.         0.         0.         0.        ]
  [0.         0.1207375  0.14982285 0.52652865 0.20291101]
  [0.17601705 0.6738739  0.06396041 0.08614863 0.        ]]]"
201,0.1988,"[[[0.         0.         0.0380005  0.31684716 0.64515234]
  [0.         1.         0.         0.         0.        ]
  [1.         0.         0.         0.         0.        ]
  [0.         0.12397652 0.1482244  0.52695811 0.20084097]
  [0.17542712 0.67297858 0.06420851 0.08738579 0.        ]]]"
202,0.2076,"[[[0.         0.         0.03671958 0.31599958 0.64728083]
  [0.         1.         0.         0.         0.        ]
  [1.         0.         0.         0.         0.        ]
  [0.         0.12439737 0.14984142 0.52781371 0.19794751]
  [0.17679946 0.67223976 0.06329565 0.08766512 0.        ]]]"
203,0.2012,"[[[0.         0.         0.03495518 0.3169947  0.64805011]
  [0.         1.         0.         0.         0.        ]
  [1.         0.         0.         0.         0.        ]
  [0.         0.13082767 0.142668   0.52733406 0.19917026]
  [0.17256501 0.6720866  0.0654743  0.08987409 0.        ]]]"
204,0.1988,"[[[0.         0.         0.03347742 0.31658896 0.64993362]
  [0.         1.         0.         0.         0.        ]
  [1.         0.         0.         0.         0.        ]
  [0.         0.12981735 0.14591384 0.52715975 0.19710906]
  [0.17459929 0.67082187 0.06490306 0.08967578 0.        ]]]"
205,0.2076,"[[[0.         0.         0.03215221 0.31505724 0.65279056]
  [0.         1.         0.         0.         0.        ]
  [1.         0.         0.         0.         0.        ]
  [0.         0.12775245 0.15138642 0.52824597 0.19261516]
  [0.17838657 0.66956018 0.06292085 0.0891324  0.        ]]]"
206,0.2012,"[[[0.         0.         0.03819667 0.31739131 0.64441202]
  [0.         1.         0.         0.         0.        ]
  [1.         0.         0.         0.         0.        ]
  [0.         0.12303079 0.14899332 0.52571891 0.20225699]
  [0.17557142 0.67256106 0.06487288 0.08699464 0.        ]]]"
207,0.2012,"[[[0.         0.         0.03310775 0.3174847  0.64940755]
  [0.         1.         0.         0.         0.        ]
  [1.         0.         0.         0.         0.        ]
  [0.         0.13162111 0.14340164 0.52588757 0.19908968]
  [0.17272001 0.6705944  0.06639044 0.09029515 0.        ]]]"
208,0.2012,"[[[0.         0.         0.03946119 0.31565268 0.64488613]
  [0.         1.         0.         0.         0.        ]
  [1.         0.         0.         0.         0.        ]
  [0.         0.11627548 0.15942382 0.5245664  0.1997343 ]
  [0.18194921 0.6704309  0.06304998 0.08456991 0.        ]]]"
209,0.1924,"[[[0.         0.         0.03002951 0.31412891 0.65584157]
  [0.         1.         0.         0.         0.        ]
  [1.         0.         0.         0.         0.        ]
  [0.         0.12664076 0.15629293 0.5277532  0.18931311]
  [0.18154315 0.66729946 0.0622578  0.0888996  0.        ]]]"
210,0.1924,"[[[0.         0.         0.04111705 0.31615919 0.64272376]
  [0.         1.         0.         0.         0.        ]
  [1.         0.         0.         0.         0.        ]
  [0.         0.11882878 0.15211807 0.52740262 0.20165052]
  [0.17754658 0.67422025 0.06270022 0.08553295 0.        ]]]"
211,0.2012,"[[[0.         0.         0.03739341 0.31660974 0.64599685]
  [0.         1.         0.         0.         0.        ]
  [1.         0.         0.         0.         0.        ]
  [0.         0.1285355  0.14297468 0.52874583 0.19974399]
  [0.17287087 0.673895   0.06430371 0.08893042 0.        ]]]"
212,0.2012,"[[[0.         0.         0.0404255  0.31791597 0.64165854]
  [0.         1.         0.         0.         0.        ]
  [1.         0.         0.         0.         0.        ]
  [0.         0.12344204 0.14515481 0.52632018 0.20508297]
  [0.17307216 0.6746893  0.06526067 0.08697787 0.        ]]]"
213,0.2012,"[[[0.         0.         0.0313888  0.31504347 0.65356773]
  [0.         1.         0.         0.         0.        ]
  [1.         0.         0.         0.         0.        ]
  [0.         0.12788294 0.15212046 0.52786073 0.19213586]
  [0.17880491 0.66890331 0.06306647 0.0892253  0.        ]]]"
214,0.2012,"[[[0.         0.         0.02976527 0.31629689 0.65393783]
  [0.         1.         0.         0.         0.        ]
  [1.         0.         0.         0.         0.        ]
  [0.         0.13412512 0.14463194 0.52720631 0.19403662]
  [0.17420212 0.66898175 0.06537146 0.09144467 0.        ]]]"
215,0.1988,"[[[0.         0.         0.02682711 0.3131484  0.66002449]
  [0.         1.         0.         0.         0.        ]
  [1.         0.         0.         0.         0.        ]
  [0.         0.12918866 0.15712148 0.52872537 0.18496449]
  [0.18262928 0.66577212 0.06159635 0.09000224 0.        ]]]"
216,0.1988,"[[[0.         0.         0.03063139 0.3144725  0.65489611]
  [0.         1.         0.         0.         0.        ]
  [1.         0.         0.         0.         0.        ]
  [0.         0.13130767 0.14871651 0.53009773 0.18987809]
  [0.17747047 0.66972333 0.06236603 0.09044017 0.        ]]]"
217,0.1924,"[[[0.         0.         0.04134462 0.31599472 0.64266066]
  [0.         1.         0.         0.         0.        ]
  [1.         0.         0.         0.         0.        ]
  [0.         0.11817009 0.15294873 0.52739422 0.20148696]
  [0.17803685 0.67417443 0.06247806 0.08531066 0.        ]]]"
218,0.2076,"[[[0.         0.         0.03146119 0.31370602 0.65483279]
  [0.         1.         0.         0.         0.        ]
  [1.         0.         0.         0.         0.        ]
  [0.         0.1284912  0.15229517 0.53049651 0.18871712]
  [0.17968046 0.66969612 0.06116454 0.08945889 0.        ]]]"
219,0.2012,"[[[0.         0.         0.03851679 0.31663993 0.64484329]
  [0.         1.         0.         0.         0.        ]
  [1.         0.         0.         0.         0.        ]
  [0.         0.12205242 0.1504987  0.52664136 0.20080752]
  [0.17668469 0.67277011 0.06383199 0.08671322 0.        ]]]"
220,0.2012,"[[[0.         0.         0.02949476 0.3151088  0.65539645]
  [0.         1.         0.         0.         0.        ]
  [1.         0.         0.         0.         0.        ]
  [0.         0.13136504 0.14938004 0.52836923 0.19088569]
  [0.17744608 0.66852216 0.0634813  0.09055047 0.        ]]]"
221,0.1924,"[[[0.         0.         0.03895636 0.31603452 0.64500912]
  [0.         1.         0.         0.         0.        ]
  [1.         0.         0.         0.         0.        ]
  [0.         0.11908284 0.15496149 0.52601413 0.19994153]
  [0.17933488 0.67184607 0.06314314 0.08567591 0.        ]]]"
222,0.1988,"[[[0.         0.         0.0300204  0.31269459 0.65728501]
  [0.         1.         0.         0.         0.        ]
  [1.         0.         0.         0.         0.        ]
  [0.         0.12660969 0.15770505 0.52968026 0.186005  ]
  [0.18299571 0.66753838 0.06053734 0.08892857 0.        ]]]"
223,0.1988,"[[[0.         0.         0.03812483 0.31503593 0.64683924]
  [0.         1.         0.         0.         0.        ]
  [1.         0.         0.         0.         0.        ]
  [0.         0.12221894 0.15193622 0.52918076 0.19666407]
  [0.1782914  0.67309384 0.06170937 0.08690538 0.        ]]]"
224,0.1924,"[[[0.         0.         0.0310612  0.3148468  0.654092  ]
  [0.         1.         0.         0.         0.        ]
  [1.         0.         0.         0.         0.        ]
  [0.         0.13071002 0.14873098 0.529383   0.19117599]
  [0.17721201 0.66974716 0.06283224 0.0902086  0.        ]]]"
225,0.2076,"[[[0.         0.         0.03103607 0.31273711 0.65622682]
  [0.         1.         0.         0.         0.        ]
  [1.         0.         0.         0.         0.        ]
  [0.         0.12557232 0.15802286 0.52956236 0.18684246]
  [0.1830718  0.66795193 0.06046706 0.08850921 0.        ]]]"
226,0.2012,"[[[0.         0.         0.03187554 0.31499239 0.65313207]
  [0.         1.         0.         0.         0.        ]
  [1.         0.         0.         0.         0.        ]
  [0.         0.12900624 0.15000317 0.52881412 0.19217647]
  [0.17772325 0.66982434 0.06287213 0.08958029 0.        ]]]"
227,0.2012,"[[[0.         0.         0.02958112 0.31499811 0.65542076]
  [0.         1.         0.         0.         0.        ]
  [1.         0.         0.         0.         0.        ]
  [0.         0.12931178 0.1522244  0.52764422 0.19081961]
  [0.17898883 0.66786408 0.06331518 0.0898319  0.        ]]]"
228,0.2012,"[[[0.         0.         0.03072077 0.31540513 0.6538741 ]
  [0.         1.         0.         0.         0.        ]
  [1.         0.         0.         0.         0.        ]
  [0.         0.12919845 0.15074857 0.52757054 0.19248244]
  [0.17793192 0.66871519 0.06364065 0.08971223 0.        ]]]"
229,0.1924,"[[[0.         0.         0.02688152 0.31502563 0.65809285]
  [0.         1.         0.         0.         0.        ]
  [1.         0.         0.         0.         0.        ]
  [0.         0.12760926 0.1578121  0.52534036 0.18923828]
  [0.18218198 0.66464558 0.0638681  0.08930434 0.        ]]]"
230,0.1988,"[[[0.         0.         0.0393343  0.3127593  0.6479064 ]
  [0.         1.         0.         0.         0.        ]
  [1.         0.         0.         0.         0.        ]
  [0.         0.11451601 0.16585256 0.52566304 0.19396839]
  [0.18665714 0.66863703 0.06069773 0.0840081  0.        ]]]"
231,0.1988,"[[[0.         0.         0.04010332 0.31363305 0.64626363]
  [0.         1.         0.         0.         0.        ]
  [1.         0.         0.         0.         0.        ]
  [0.         0.11673807 0.15926595 0.5283984  0.19559758]
  [0.18255733 0.6722015  0.06025437 0.08498679 0.        ]]]"
232,0.1988,"[[[0.         0.         0.03823009 0.31634805 0.64542186]
  [0.         1.         0.         0.         0.        ]
  [1.         0.         0.         0.         0.        ]
  [0.         0.12355383 0.14885369 0.52778368 0.19980881]
  [0.17599594 0.67327366 0.06346044 0.08726996 0.        ]]]"
233,0.1988,"[[[0.         0.         0.0407512  0.31345499 0.64579381]
  [0.         1.         0.         0.         0.        ]
  [1.         0.         0.         0.         0.        ]
  [0.         0.11477276 0.16213327 0.52696887 0.1961251 ]
  [0.18411712 0.67117551 0.06051478 0.08419259 0.        ]]]"
234,0.1988,"[[[0.         0.         0.03748199 0.31478457 0.64773344]
  [0.         1.         0.         0.         0.        ]
  [1.         0.         0.         0.         0.        ]
  [0.         0.12255958 0.15247579 0.52934926 0.19561537]
  [0.17874987 0.67267471 0.06150277 0.08707265 0.        ]]]"
235,0.1988,"[[[0.         0.         0.03483672 0.31290437 0.65225891]
  [0.         1.         0.         0.         0.        ]
  [1.         0.         0.         0.         0.        ]
  [0.         0.12257954 0.15768176 0.53000521 0.18973349]
  [0.18256122 0.67021974 0.05993421 0.08728482 0.        ]]]"
236,0.1988,"[[[0.         0.         0.03276857 0.31245466 0.65477677]
  [0.         1.         0.         0.         0.        ]
  [1.         0.         0.         0.         0.        ]
  [0.         0.12461206 0.15758893 0.53069538 0.18710364]
  [0.18290689 0.66935232 0.05963006 0.08811074 0.        ]]]"
237,0.1988,"[[[0.         0.         0.03286835 0.31216367 0.65496798]
  [0.         1.         0.         0.         0.        ]
  [1.         0.         0.         0.         0.        ]
  [0.         0.12376076 0.15909124 0.53043074 0.18671726]
  [0.18380236 0.66894027 0.05944309 0.08781429 0.        ]]]"
238,0.2076,"[[[0.         0.         0.0336064  0.31214006 0.65425355]
  [0.         1.         0.         0.         0.        ]
  [1.         0.         0.         0.         0.        ]
  [0.         0.12273606 0.15984988 0.53004043 0.18737362]
  [0.18413182 0.66899156 0.05947157 0.08740504 0.        ]]]"
239,0.2012,"[[[0.         0.         0.0304136  0.31494178 0.65464462]
  [0.         1.         0.         0.         0.        ]
  [1.         0.         0.         0.         0.        ]
  [0.         0.12948263 0.15107122 0.52827616 0.19116999]
  [0.17836926 0.6686987  0.06308772 0.08984432 0.        ]]]"
240,0.2012,"[[[0.         0.         0.0308831  0.31426496 0.65485194]
  [0.         1.         0.         0.         0.        ]
  [1.         0.         0.         0.         0.        ]
  [0.         0.12769608 0.1536237  0.52867936 0.19000086]
  [0.18002811 0.66858747 0.06216448 0.08921994 0.        ]]]"
241,0.2012,"[[[0.         0.         0.03351855 0.31259583 0.65388561]
  [0.         1.         0.         0.         0.        ]
  [1.         0.         0.         0.         0.        ]
  [0.         0.12151548 0.16158891 0.52808916 0.18880645]
  [0.18481289 0.66780599 0.06046991 0.08691121 0.        ]]]"
242,0.1988,"[[[0.         0.         0.02885305 0.31214696 0.65899999]
  [0.         1.         0.         0.         0.        ]
  [1.         0.         0.         0.         0.        ]
  [0.         0.12596931 0.1606717  0.52896373 0.18439525]
  [0.18484424 0.66596615 0.06043843 0.08875117 0.        ]]]"
243,0.1988,"[[[0.         0.         0.03508837 0.31250005 0.65241158]
  [0.         1.         0.         0.         0.        ]
  [1.         0.         0.         0.         0.        ]
  [0.         0.11943399 0.16318332 0.52744072 0.18994197]
  [0.18559903 0.66791696 0.06042224 0.08606178 0.        ]]]"
244,0.1988,"[[[0.         0.         0.03116725 0.31163765 0.6571951 ]
  [0.         1.         0.         0.         0.        ]
  [1.         0.         0.         0.         0.        ]
  [0.         0.12333163 0.16262083 0.52897879 0.18506876]
  [0.1859513  0.66658082 0.05977422 0.08769365 0.        ]]]"
245,0.1988,"[[[0.         0.         0.03182277 0.31089341 0.65728381]
  [0.         1.         0.         0.         0.        ]
  [1.         0.         0.         0.         0.        ]
  [0.         0.12201556 0.16484737 0.52897081 0.18416626]
  [0.1874077  0.66621779 0.05919296 0.08718155 0.        ]]]"
246,0.1988,"[[[0.         0.         0.03321707 0.31226664 0.65451629]
  [0.         1.         0.         0.         0.        ]
  [1.         0.         0.         0.         0.        ]
  [0.         0.12214888 0.16123225 0.5288882  0.18773067]
  [0.18479471 0.66801911 0.06000134 0.08718484 0.        ]]]"
247,0.1988,"[[[0.         0.         0.0343181  0.31286316 0.65281874]
  [0.         1.         0.         0.         0.        ]
  [1.         0.         0.         0.         0.        ]
  [0.         0.12156973 0.16006301 0.52866967 0.18969758]
  [0.18382893 0.66887557 0.0603586  0.0869369  0.        ]]]"
248,0.1988,"[[[0.         0.         0.03190585 0.31180605 0.6562881 ]
  [0.         1.         0.         0.         0.        ]
  [1.         0.         0.         0.         0.        ]
  [0.         0.12266573 0.16258624 0.52878907 0.18595896]
  [0.18580567 0.66691166 0.05986055 0.08742212 0.        ]]]"
249,0.2076,"[[[0.         0.         0.03157075 0.31403452 0.65439473]
  [0.         1.         0.         0.         0.        ]
  [1.         0.         0.         0.         0.        ]
  [0.         0.12532492 0.15655442 0.52791654 0.19020412]
  [0.1816332  0.66806799 0.06195754 0.08834127 0.        ]]]"
